,L1,ppv L1,Median Exp,ppv Med Exp,q L1,q Med Exp
HALLMARK_ANGIOGENESIS,0.68212897,0.0,-0.092544906,0.04950495049504951,0.0,0.35360678925035366
